{
    "Jaccard": 0.7238557526652066,
    "F1": 0.8206050156575089,
    "Recall": 0.8496177143081016,
    "Precision": 0.8434546635722502,
    "Acc": 0.9493032137552897,
    "F2": 0.8206050156575089,
    "Mean FPS": 0.10518452201876329
}