{
    "Jaccard": 0.3948154304786141,
    "F1": 0.5096914044004484,
    "Recall": 0.6564222323237617,
    "Precision": 0.5460967256637365,
    "Acc": 0.8621585210164388,
    "F2": 0.5096914044004484,
    "Mean FPS": 0.1118420037964724
}